INSERT INTO directors (director, yearofbirth) VALUES
('Spielberg', 1970),
('Kathleen Brownlee', 1984),
('Daniel Paniagua', 1972),
('Nancy Robinson', 1983),
('Cary Mcbeth', 1992);

INSERT INTO movies (title, year, director, budget, gross) VALUES
('A Blast', 2017, 'Spielberg', 931827, 313276),
('A Ciambra', 2022, 'Spielberg', 819362, 1043345),
('A l`origine', 1992, 'Spielberg', 292646, 851945),
('A War', 1995, 'Spielberg', 208002, 740610),
('A-Team', 2021, 'Kathleen Brownlee', 487546, 1387373),
('A.a.a. Achille', 2017, 'Daniel Paniagua', 886122, 1377603),
('A/r andata+ritorno', 2015, 'Nancy Robinson', 232096, 689775),
('Abbandono ', 2003, 'Kathleen Brownlee', 810668, 991891),
('Abbronzatissimi ', 2010, 'Nancy Robinson', 96648, 530542),
('Abduction', 2021, 'Nancy Robinson', 864744, 301330),
('Abel', 2006, 'Nancy Robinson', 776860, 1161009),
('Abissi', 2006, 'Spielberg', 29974, 263327),
('About Cherry', 2002, 'Nancy Robinson', 702417, 391895),
('About Elly', 1980, 'Kathleen Brownlee', 696370, 592835),
('Abracadabra', 1981, 'Cary Mcbeth', 116629, 949060),

('Pippo Baudo', 2017, 'Kathleen Brownlee', 800, 80);

INSERT INTO movieawards (title, year, award, result) VALUES
('Pippo Baudo', 2017, 'cannes, best director', 'won'),

('A Blast', 2017, 'bafta, best actor', 'won'),
('A Blast', 2017, 'golden globe, best picture', 'won'),
('A Blast', 2017, 'venice, best original screenplay', 'won'),
('A Ciambra', 2022, 'venice, best picture', 'won'),
('A Ciambra', 2022, 'golden globe, best actor', 'won'),
('A Ciambra', 2022, 'venice, best supporting actor', 'won'),
('A Ciambra', 2022, 'bafta, best director', 'won'),
('A Ciambra', 2022, 'oscar, best supporting actor', 'nominated'),
('A l`origine', 1992, 'bafta, best actor', 'won'),
('A l`origine', 1992, 'venice, best director', 'won'),
('A l`origine', 1992, 'cannes, best picture', 'won'),
('A l`origine', 1992, 'golden globe, best original screenplay', 'won'),
('A l`origine', 1992, 'oscar, best original screenplay', 'won'),
('A l`origine', 1992, 'venice, best actor', 'nominated'),
('A War', 1995, 'golden globe, best supporting actor', 'won'),
('A War', 1995, 'cannes, best director', 'nominated'),
('A War', 1995, 'cannes, best original screenplay', 'nominated'),
('A War', 1995, 'bafta, best supporting actor', 'won'),
('A War', 1995, 'golden globe, best picture', 'won'),
('A-Team', 2021, 'bafta, best director', 'won'),
('A-Team', 2021, 'venice, best actor', 'won'),
('A-Team', 2021, 'oscar, best actor', 'won'),
('A-Team', 2021, 'venice, best supporting actor', 'won'),
('A-Team', 2021, 'golden globe, best actor', 'won'),
('A-Team', 2021, 'cannes, best supporting actor', 'won'),
('A-Team', 2021, 'oscar, best supporting actor', 'won'),
('A-Team', 2021, 'golden globe, best supporting actor', 'won'),
('A-Team', 2021, 'cannes, best picture', 'won'),
('A.a.a. Achille', 2017, 'oscar, best original screenplay', 'won'),
('A.a.a. Achille', 2017, 'golden globe, best director', 'won'),
('A.a.a. Achille', 2017, 'venice, best supporting actor', 'nominated'),
('A.a.a. Achille', 2017, 'cannes, best original screenplay', 'nominated'),
('A.a.a. Achille', 2017, 'golden globe, best picture', 'won'),
('A.a.a. Achille', 2017, 'golden globe, best actor', 'won'),
('A.a.a. Achille', 2017, 'bafta, best actor', 'nominated'),
('A/r andata+ritorno', 2015, 'golden globe, best actor', 'won'),
('A/r andata+ritorno', 2015, 'bafta, best actor', 'nominated'),
('Abbandono ', 2003, 'oscar, best picture', 'nominated'),
('Abbandono ', 2003, 'venice, best original screenplay', 'won'),
('Abbandono ', 2003, 'bafta, best original screenplay', 'won'),
('Abbandono ', 2003, 'golden globe, best original screenplay', 'won'),
('Abbronzatissimi ', 2010, 'golden globe, best supporting actor', 'nominated'),
('Abbronzatissimi ', 2010, 'venice, best supporting actor', 'won'),
('Abbronzatissimi ', 2010, 'venice, best director', 'won'),
('Abbronzatissimi ', 2010, 'bafta, best original screenplay', 'nominated'),
('Abbronzatissimi ', 2010, 'bafta, best picture', 'won'),
('Abduction', 2021, 'bafta, best picture', 'won'),
('Abduction', 2021, 'bafta, best original screenplay', 'nominated'),
('Abduction', 2021, 'venice, best director', 'nominated'),
('Abduction', 2021, 'oscar, best picture', 'won'),
('Abduction', 2021, 'oscar, best original screenplay', 'won'),
('Abel', 2006, 'bafta, best picture', 'won'),
('Abel', 2006, 'bafta, best actor', 'nominated'),
('Abel', 2006, 'golden globe, best supporting actor', 'nominated'),
('Abel', 2006, 'oscar, best supporting actor', 'nominated'),
('Abel', 2006, 'cannes, best actor', 'nominated'),
('Abissi', 2006, 'cannes, best supporting actor', 'won'),
('Abissi', 2006, 'cannes, best picture', 'nominated'),
('Abissi', 2006, 'cannes, best actor', 'nominated'),
('Abissi', 2006, 'golden globe, best director', 'nominated'),
('Abissi', 2006, 'venice, best original screenplay', 'nominated'),
('Abissi', 2006, 'golden globe, best original screenplay', 'won'),
('Abissi', 2006, 'venice, best picture', 'nominated'),
('About Elly', 1980, 'oscar, best actor', 'nominated'),
('About Elly', 1980, 'cannes, best actor', 'won'),
('About Elly', 1980, 'cannes, best director', 'nominated'),
('About Elly', 1980, 'bafta, best supporting actor', 'won'),
('About Elly', 1980, 'golden globe, best original screenplay', 'won'),
('About Elly', 1980, 'bafta, best original screenplay', 'won'),
('Abracadabra', 1981, 'venice, best director', 'nominated'),
('Abracadabra', 1981, 'oscar, best supporting actor', 'won'),
('Abracadabra', 1981, 'cannes, best original screenplay', 'nominated'),
('Abracadabra', 1981, 'venice, best picture', 'nominated'),
('Abracadabra', 1981, 'golden globe, best picture', 'won'),
('Abracadabra', 1981, 'oscar, best picture', 'won'),
('Abracadabra', 1981, 'oscar, best director', 'won'),
('Abracadabra', 1981, 'venice, best original screenplay', 'won'),
('Abracadabra', 1981, 'bafta, best original screenplay', 'won');

INSERT INTO directorawards (director, year, award, result) VALUES
('Kathleen Brownlee', 2022, 'cannes', 'won'),
('Kathleen Brownlee', 1992, 'cannes', 'won'),
('Kathleen Brownlee', 1995, 'cannes', 'won'),

('Spielberg', 2022, 'bafta', 'won'),
('Spielberg', 1992, 'venice', 'won'),
('Spielberg', 1995, 'cannes', 'nominated'),
('Kathleen Brownlee', 2021, 'bafta', 'won'),
('Daniel Paniagua', 2017, 'golden globe', 'won'),
('Nancy Robinson', 2010, 'venice', 'won'),
('Nancy Robinson', 2021, 'venice', 'nominated'),
('Spielberg', 2006, 'golden globe', 'nominated'),
('Kathleen Brownlee', 1980, 'cannes', 'nominated'),
('Cary Mcbeth', 1981, 'venice', 'nominated'),
('Cary Mcbeth', 1981, 'oscar', 'won');