INSERT INTO directors (director, yearofbirth) VALUES
('Spielberg', 1970),
('Elizabeth Harding', 1967),
('Larry Scarborough', 1976),
('Kristine Brinlee', 1992),
('Theresa Annas', 1975);

INSERT INTO movies (title, year, director, budget, gross) VALUES
('A Blast', 2004, 'Spielberg', 678253, 225424),
('A Ciambra', 1987, 'Spielberg', 457185, 501512),
('A l`origine', 2015, 'Spielberg', 159470, 1356108),
('A War', 1992, 'Spielberg', 277675, 1223929),
('A-Team', 2002, 'Elizabeth Harding', 113154, 772254),
('A.a.a. Achille', 2017, 'Spielberg', 313949, 547208),
('A/r andata+ritorno', 2014, 'Theresa Annas', 313465, 871196),
('Abbandono ', 2022, 'Kristine Brinlee', 831985, 586545),
('Abbronzatissimi ', 2008, 'Theresa Annas', 20813, 475462),
('Abduction', 2012, 'Kristine Brinlee', 645811, 523830),
('Abel', 2015, 'Theresa Annas', 292180, 599144),
('Abissi', 2014, 'Elizabeth Harding', 350687, 1084462),
('About Cherry', 1989, 'Spielberg', 448920, 419613),
('About Elly', 2018, 'Kristine Brinlee', 398183, 528135),
('Abracadabra', 2022, 'Kristine Brinlee', 859751, 1257084);

INSERT INTO movieawards (title, year, award, result) VALUES
('A Blast', 2004, 'cannes, best actor', 'nominated'),
('A Blast', 2004, 'bafta, best director', 'won'),
('A Blast', 2004, 'cannes, best picture', 'won'),
('A Blast', 2004, 'cannes, best supporting actor', 'won'),
('A Ciambra', 1987, 'oscar, best picture', 'won'),
('A Ciambra', 1987, 'cannes, best original screenplay', 'won'),
('A Ciambra', 1987, 'cannes, best supporting actor', 'nominated'),
('A Ciambra', 1987, 'bafta, best original screenplay', 'won'),
('A Ciambra', 1987, 'cannes, best director', 'won'),
('A Ciambra', 1987, 'venice, best picture', 'nominated'),
('A l`origine', 2015, 'bafta, best picture', 'won'),
('A l`origine', 2015, 'golden globe, best picture', 'won'),
('A l`origine', 2015, 'bafta, best director', 'won'),
('A l`origine', 2015, 'bafta, best original screenplay', 'won'),
('A l`origine', 2015, 'oscar, best picture', 'nominated'),
('A l`origine', 2015, 'cannes, best supporting actor', 'won'),
('A l`origine', 2015, 'cannes, best picture', 'nominated'),
('A l`origine', 2015, 'golden globe, best supporting actor', 'won'),
('A l`origine', 2015, 'oscar, best actor', 'won'),
('A War', 1992, 'oscar, best supporting actor', 'won'),
('A.a.a. Achille', 2017, 'cannes, best picture', 'nominated'),
('A.a.a. Achille', 2017, 'golden globe, best actor', 'won'),
('A.a.a. Achille', 2017, 'bafta, best picture', 'won'),
('A.a.a. Achille', 2017, 'venice, best supporting actor', 'won'),
('A/r andata+ritorno', 2014, 'bafta, best picture', 'won'),
('A/r andata+ritorno', 2014, 'oscar, best supporting actor', 'won'),
('Abbronzatissimi ', 2008, 'cannes, best supporting actor', 'won'),
('Abduction', 2012, 'golden globe, best original screenplay', 'nominated'),
('Abduction', 2012, 'venice, best director', 'won'),
('Abduction', 2012, 'cannes, best supporting actor', 'won'),
('Abduction', 2012, 'golden globe, best picture', 'won'),
('Abduction', 2012, 'bafta, best supporting actor', 'nominated'),
('Abduction', 2012, 'cannes, best director', 'nominated'),
('Abel', 2015, 'oscar, best director', 'won'),
('Abissi', 2014, 'oscar, best supporting actor', 'won'),
('Abissi', 2014, 'venice, best actor', 'nominated'),
('Abissi', 2014, 'golden globe, best actor', 'won'),
('Abissi', 2014, 'oscar, best actor', 'won'),
('Abissi', 2014, 'bafta, best supporting actor', 'nominated'),
('Abissi', 2014, 'venice, best supporting actor', 'nominated'),
('Abissi', 2014, 'bafta, best original screenplay', 'won'),
('Abissi', 2014, 'venice, best picture', 'nominated'),
('Abissi', 2014, 'venice, best director', 'won'),
('About Cherry', 1989, 'bafta, best actor', 'nominated'),
('About Cherry', 1989, 'oscar, best picture', 'nominated'),
('About Cherry', 1989, 'bafta, best original screenplay', 'won'),
('About Cherry', 1989, 'golden globe, best director', 'nominated'),
('About Cherry', 1989, 'oscar, best original screenplay', 'won'),
('About Cherry', 1989, 'oscar, best supporting actor', 'nominated'),
('About Elly', 2018, 'bafta, best original screenplay', 'nominated'),
('About Elly', 2018, 'golden globe, best supporting actor', 'won'),
('About Elly', 2018, 'golden globe, best actor', 'nominated'),
('Abracadabra', 2022, 'cannes, best actor', 'won'),
('Abracadabra', 2022, 'golden globe, best original screenplay', 'nominated'),
('Abracadabra', 2022, 'oscar, best picture', 'won'),
('Abracadabra', 2022, 'cannes, best picture', 'nominated'),
('Abracadabra', 2022, 'oscar, best supporting actor', 'won'),
('Abracadabra', 2022, 'golden globe, best actor', 'nominated'),
('Abracadabra', 2022, 'golden globe, best supporting actor', 'won');

INSERT INTO directorawards (director, year, award, result) VALUES
('Spielberg', 2004, 'bafta', 'won'),
('Spielberg', 1987, 'cannes', 'won'),
('Spielberg', 2015, 'bafta', 'won'),
('Kristine Brinlee', 2012, 'venice', 'won'),
('Kristine Brinlee', 2012, 'cannes', 'nominated'),
('Theresa Annas', 2015, 'oscar', 'won'),
('Elizabeth Harding', 2014, 'venice', 'won'),
('Spielberg', 1989, 'golden globe', 'nominated');